,TotalReadoutTime,PhaseEncodingDirection,EffectiveEchoSpacing,FlipAngle,EchoTime,PartialFourier,DwellTime,RepetitionTime,SliceTime000,SliceTime001,SliceTime002,SliceTime003,SliceTime004,SliceTime005,SliceTime006,SliceTime007,SliceTime008,SliceTime009,SliceTime010,SliceTime011,SliceTime012,SliceTime013,SliceTime014,SliceTime015,SliceTime016,SliceTime017,SliceTime018,SliceTime019,SliceTime020,SliceTime021,SliceTime022,SliceTime023,SliceTime024,SliceTime025,SliceTime026,SliceTime027,SliceTime028,SliceTime029,SliceTime030,SliceTime031,SliceTime032,SliceTime033,SliceTime034,SliceTime035,SliceTime036,SliceTime037
0,0.0362102,j-,0.000510002,80,0.03,1,3.1e-06,2.5,1.2,0,1.3,0.1,1.4,0.1,1.4,0.2,1.5,0.3,1.6,0.3,1.6,0.4,1.7,0.5,1.8,0.5,1.8,0.6,1.9,0.7,2.0,0.7,2.0,0.8,2.1,0.8,2.2,0.9,2.2,1.0,2.3,1.0,2.4,1.1,2.4,1.2
1,0.0362102,j-,0.000510002,80,0.03,1,3.1e-06,2.5,1.2,0,1.3,0.1,1.4,0.1,1.4,0.2,1.5,0.3,1.6,0.3,1.6,0.4,1.7,0.5,1.8,0.5,1.8,0.6,1.9,0.7,2.0,0.7,2.0,0.8,2.1,0.9,2.2,0.9,2.2,1.0,2.3,1.1,2.4,1.1,2.4,1.2
2,0.0362102,j-,0.000510002,80,0.03,1,3.1e-06,2.5,1.2,0,1.3,0.1,1.4,0.1,1.4,0.2,1.5,0.3,1.6,0.3,1.6,0.4,1.7,0.5,1.8,0.5,1.8,0.6,1.9,0.7,2.0,0.7,2.0,0.8,2.1,0.9,2.2,0.9,2.2,1.0,2.3,1.0,2.4,1.1,2.4,1.2
33,0.0362102,i,0.000510002,80,0.03,1,3.1e-06,2.5,1.2,0,1.3,0.1,1.4,0.1,1.4,0.2,1.5,0.3,1.6,0.3,1.6,0.4,1.7,0.5,1.8,0.5,1.8,0.6,1.9,0.7,2.0,0.7,2.0,0.8,2.1,0.9,2.2,0.9,2.2,1.0,2.3,1.0,2.4,1.1,2.4,1.2
